"","Country","Year","unemployment_rate","alcohol","HDI","population","suicides","gdp_per_capita","suicide_per_100k"
"1","Australia",1995,8.5,9.8,"0.883",16766300,2170,21902,12.9426289640529
"2","Australia",1996,8.5,10,"0.886",17015100,2426,23526,14.2579238441149
"3","Australia",1997,8.4,10.2,"0.889",17221300,2646,25234,15.364693722309
"4","Australia",1998,7.7,10,"0.892",17421730,2632,22897,15.1075696845262
"5","Australia",1999,6.9,10,"0.895",17641702,2488,22016,14.1029476634397
"6","Australia",2000,6.3,10.2,"0.898",17874410,2391,23219,13.3766652997218
"7","Australia",2001,6.7,10,"0.9",18130883,2458,20860,13.5569789954521
"8","Australia",2002,6.4,10.4,"0.903",18370058,2319,21474,12.6238033652371
"9","Australia",2003,5.9,10.3,"0.904",18608029,2156,25059,11.5863963883547
"10","Australia",2004,5.4,10.5,"0.907",18854551,2114,32454,11.2121471362537
"11","Australia",2005,5,10.5,"0.902",19436429,2101,33999,10.8095988208534
"12","Australia",2006,4.8,10.8,"0.905",19109246,2117,39014,11.0784067566036
"13","Australia",2007,4.4,10.8,"0.908",19734430,2229,43171,11.2949803972043
"14","Australia",2008,4.2,10.8,"0.922",20120312,2341,52315,11.635008443209
"15","Australia",2009,5.6,10.7,"0.923",20529317,2337,45128,11.3837201695507
"16","Australia",2010,5.2,10.4,"0.926",20847547,2420,54887,11.6080803175549
"17","Australia",2011,5.1,10.2,"0.928",20881910,2392,66770,11.4548908600794
"18","Australia",2012,5.2,10,"0.932",21238909,2580,72669,12.1475166167904
"19","Australia",2013,5.7,9.9,"0.926",21600180,2608,72856,12.0739734576286
"20","Australia",2014,6.1,9.7,"0.929",21927587,2891,66809,13.1843052315788
"21","Australia",2015,6.1,9.8,"0.933",22240785,3027,60656,13.6101311172245
"22","Austria",1995,4.3,14.2,"0.817",7477030,1788,32237,23.9132382777654
"23","Austria",1996,5.3,14.2,"0.82",7493706,1779,31660,23.7399225429981
"24","Austria",1997,5.1,13.6,"0.824",7512589,1592,28325,21.1910967044783
"25","Austria",1998,5.5,13.5,"0.828",7533519,1559,28972,20.6941802363544
"26","Austria",1999,4.7,13.4,"0.834",7561609,1555,28722,20.5644063320386
"27","Austria",2000,4.7,13.7,"0.838",7592073,1588,25922,20.916553357693
"28","Austria",2001,4,12.8,"0.849",7634560,1489,25848,19.5034160449325
"29","Austria",2002,4.8,12.5,"0.838",7683162,1553,27772,20.213032082364
"30","Austria",2003,4.8,12.7,"0.842",7722033,1456,33889,18.8551382777048
"31","Austria",2004,5.8,12.5,"0.849",7773105,1422,38711,18.2938478252899
"32","Austria",2005,5.6,12.6,"0.855",7827461,1399,40367,17.8729731135039
"33","Austria",2006,5.2,12.9,"0.861",7869269,1297,42698,16.4818358604846
"34","Austria",2007,4.9,12.9,"0.881",7897272,1285,49218,16.2714415813461
"35","Austria",2008,4.1,12.4,"0.884",7925258,1267,54294,15.986861247924
"36","Austria",2009,5.3,12.1,"0.886",7946894,1278,50356,16.0817547081917
"37","Austria",2010,4.8,12.5,"0.895",7968421,1264,49181,15.8626156926197
"38","Austria",2011,4.6,12.2,"0.897",7995146,1288,53923,16.109774605742
"39","Austria",2012,4.9,12.4,"0.899",8031276,1276,50979,15.887886308477
"40","Austria",2013,5.3,12.4,"0.896",8079615,1291,53229,15.9784841233153
"41","Austria",2014,5.6,12.8,"0.904",8141165,1314,54278,16.1401961512879
"42","Austria",2015,5.7,11.9,"0.906",8219386,1251,46484,15.2201149818247
"43","Belgium",1995,9.3,11,"0.851",9527100,2155,30394,22.6196848988674
"44","Belgium",1996,9.5,10.9,"0.857",9557545,2013,29438,21.061894032411
"45","Belgium",1997,9,10.9,"0.862",9576223,2146,26609,22.4096702844117
"46","Belgium",1998,9.3,9.9,"0.866",9620997,2019,27087,20.9853511023857
"47","Belgium",1999,8.6,10.1,"0.868",9648277,1857,26969,19.2469598457839
"48","Belgium",2000,6.6,11.2,"0.873",9674025,2143,24592,22.152103183525
"49","Belgium",2001,6.2,11,"0.876",9710055,2165,24494,22.296475148699
"50","Belgium",2002,6.9,11.3,"0.879",9758570,2076,26526,21.2736087357062
"51","Belgium",2003,7.7,11.3,"0.882",9804122,2091,32538,21.3277639751933
"52","Belgium",2004,7.4,12.1,"0.885",9848022,1987,37661,20.1766405477161
"53","Belgium",2005,8.4,12.2,"0.889",9901014,2029,39124,20.4928505302588
"54","Belgium",2006,8.2,10.9,"0.896",9962702,1935,41135,19.4224418235133
"55","Belgium",2007,7.5,10.3,"0.899",10030266,1857,47040,18.5139656316193
"56","Belgium",2008,7,10.5,"0.899",10100850,1999,51345,19.7904136780568
"57","Belgium",2009,7.9,10.1,"0.899",10173366,2013,47630,19.7869613655893
"58","Belgium",2010,8.3,10.3,"0.903",10211171,2013,47355,19.7137037466124
"59","Belgium",2011,7.1,10.1,"0.904",10355126,2088,50893,20.1639265422748
"60","Belgium",2012,7.5,10.1,"0.905",10442637,2026,47678,19.4012297851587
"61","Belgium",2013,8.4,10.3,"0.908",10526149,1895,49489,18.0027852541324
"62","Belgium",2014,8.5,10.6,"0.91",10578848,1899,50173,17.9509148822254
"63","Belgium",2015,8.5,10.4,"0.913",10624356,1867,42830,17.572829826109
"64","Canada",1995,9.5,7.4,"0.861",27618500,3968,21871,14.3671814182523
"65","Canada",1996,9.6,7.4,"0.863",27706600,3941,22686,14.224047699826
"66","Canada",1997,9.1,7.2,"0.863",28085100,3681,23245,13.1065938878622
"67","Canada",1998,8.3,7.3,"0.861",28372536,3699,22268,13.0372554642278
"68","Canada",1999,7.6,7.5,"0.864",28681643,4074,23572,14.2042071997061
"69","Canada",2000,6.8,7.6,"0.868",29008565,3606,25589,12.4308113827761
"70","Canada",2001,7.2,7.6,"0.872",29262055,3694,25165,12.6238570736061
"71","Canada",2002,7.7,7.7,"0.877",29642114,3650,25570,12.3135617115567
"72","Canada",2003,7.6,7.7,"0.882",29958833,3765,29787,12.5672451927617
"73","Canada",2004,7.2,7.8,"0.887",30283966,3613,33787,11.9304056806826
"74","Canada",2005,6.8,8,"0.892",30597090,3743,38218,12.2331894961253
"75","Canada",2006,6.3,8.2,"0.895",30902962,3512,42566,11.3646064089261
"76","Canada",2007,6,8.4,"0.891",31242631,3611,46890,11.5579254512848
"77","Canada",2008,6.1,8.4,"0.893",31588641,3705,49041,11.7288996383225
"78","Canada",2009,8.3,8.4,"0.893",31937357,3890,42933,12.1800936752531
"79","Canada",2010,8.1,8.4,"0.895",32286140,3951,49974,12.2374492584124
"80","Canada",2011,7.5,8.2,"0.899",32615418,3728,54841,11.4301769794887
"81","Canada",2012,7.3,8.3,"0.906",32961196,3926,55347,11.9109755604742
"82","Canada",2013,7.1,8.2,"0.91",33314836,4054,55310,12.1687526842395
"83","Canada",2014,6.9,8,"0.914",34798320,4054,55754,11.6499877005557
"84","Canada",2015,6.9,8,"0.917",35154440,4054,54671,11.5319714949235
"85","Chile",1995,4.7,8.3,"0.725",12897643,930,5695,7.21061980084268
"86","Chile",1996,7.4,7.4,"0.732",13125089,917,5946,6.98661929073395
"87","Chile",1997,7.1,6.6,"0.739",13339550,910,6368,6.82181932673891
"88","Chile",1998,7.3,7.3,"0.741",13543940,1031,6023,7.61226053866157
"89","Chile",1999,11.2,7.6,"0.747",13743882,1041,5470,7.57427923202484
"90","Chile",2000,10.5,6.2,"0.753",13943575,1473,5584,10.5640052855885
"91","Chile",2001,10.4,6.2,"0.764",14139590,1625,5020,11.492553885933
"92","Chile",2002,10.2,5.5,"0.767",14332840,1603,4866,11.1841058715509
"93","Chile",2003,9.8,6.5,"0.773",14523758,1654,5208,11.3882371215494
"94","Chile",2004,10.2,6.8,"0.782",14710993,1735,6744,11.793901336232
"95","Chile",2005,9.3,7.2,"0.788",14893574,1682,8256,11.2934611933979
"96","Chile",2006,9,6.9,"0.787",15071596,1795,10270,11.9098203003849
"97","Chile",2007,8.4,7.4,"0.801",15245435,1848,11387,12.1216613366559
"98","Chile",2008,9.3,7.4,"0.811",15415661,2088,11653,13.5446673353806
"99","Chile",2009,11.3,7.2,"0.819",15584149,2148,11062,13.7832357737339
"100","Chile",2010,8.4,7.6,"0.8",15751851,2001,13874,12.7032689681994
"101","Chile",2011,7.3,7.1,"0.812",15910783,2027,15854,12.7397878533068
"102","Chile",2012,6.7,8.3,"0.818",16075247,1841,16617,11.4523901250164
"103","Chile",2013,6.2,7.2,"0.83",16242244,1738,17140,10.7004918778464
"104","Chile",2014,6.7,7.9,"0.834",16406867,1789,15883,10.903970879998
"105","Chile",2015,6.5,7.9,"0.839",16565725,1838,14729,11.0951980670934
"106","Czech Republic",1995,4,11.5,"0.753",9744300,1733,6134,17.7847562164547
"107","Czech Republic",1996,3.9,11.6,"0.767",9763900,1568,6861,16.0591566894376
"108","Czech Republic",1997,4.3,11.9,"0.774",9786700,1666,6314,17.0231027823475
"109","Czech Republic",1998,5.9,11.8,"0.775",9808300,1613,6779,16.4452555488719
"110","Czech Republic",1999,8.5,11.9,"0.784",9819215,1610,6606,16.3964227282935
"111","Czech Republic",2000,8.8,11.8,"0.796",9819742,1649,6278,16.7927018856504
"112","Czech Republic",2001,8,11.8,"0.806",9838083,1623,6863,16.4971163589492
"113","Czech Republic",2002,7,11.9,"0.813",9752463,1534,8399,15.7293598550438
"114","Czech Republic",2003,7.5,12.1,"0.822",9748550,1719,10220,17.6333916326018
"115","Czech Republic",2004,8.2,11.5,"0.825",9746647,1583,12226,16.2414828402014
"116","Czech Republic",2005,7.9,12,"0.835",9761733,1565,13961,16.0319894018818
"117","Czech Republic",2006,7.1,11.9,"0.843",9780319,1400,15896,14.3144615221651
"118","Czech Republic",2007,5.3,12.1,"0.85",9818295,1379,19273,14.0452084603284
"119","Czech Republic",2008,4.4,12.1,"0.854",9899594,1379,23811,13.9298641944306
"120","Czech Republic",2009,6.7,12.1,"0.857",9937407,1464,20748,14.7322133429777
"121","Czech Republic",2010,7.3,11.4,"0.862",9945273,1502,20862,15.102652285161
"122","Czech Republic",2011,6.7,11.5,"0.865",9906318,1590,23010,16.0503630107574
"123","Czech Republic",2012,7,11.6,"0.865",9923127,1658,20898,16.708442812432
"124","Czech Republic",2013,7,11.5,"0.874",9936780,1577,21073,15.870332240424
"125","Czech Republic",2014,6.1,11.9,"0.879",9963127,1489,20859,14.9451070933854
"126","Czech Republic",2015,5,11.5,"0.882",9989325,1387,18703,13.8848220475357
"127","Denmark",1995,13.1,12.1,"0.831",4889100,924,37841,18.8991838988771
"128","Denmark",1996,11.3,12.2,"0.837",4917300,892,38158,18.1400361987269
"129","Denmark",1997,11.9,12.2,"0.843",4937300,817,35148,16.5475057217508
"130","Denmark",1998,12.2,11.6,"0.849",4956400,763,35710,15.394237753208
"131","Denmark",1999,15.9,11.6,"0.861",4976200,762,35763,15.3128893533218
"132","Denmark",2000,19.1,13.1,"0.863",4998610,728,32841,14.5640488055679
"133","Denmark",2001,19.4,13.1,"0.876",5018451,727,32837,14.486541763584
"134","Denmark",2002,18.7,13.1,"0.883",5041222,688,35435,13.6474846773263
"135","Denmark",2003,17.1,13,"0.894",5056783,633,43129,12.5178398993985
"136","Denmark",2004,18.6,12.8,"0.898",5072927,661,49552,13.0299529246133
"137","Denmark",2005,16.3,12.7,"0.903",5089852,631,51960,12.3972170507119
"138","Denmark",2006,13.4,12.2,"0.905",5110460,650,55354,12.719011595825
"139","Denmark",2007,11.1,12.1,"0.904",5133001,581,62229,11.3189146076535
"140","Denmark",2008,9.5,10.9,"0.909",5162525,603,68447,11.6803308458555
"141","Denmark",2009,12,10.1,"0.906",5192790,622,61863,11.9781466225285
"142","Denmark",2010,14.4,10.3,"0.91",5217785,563,61711,10.7900191364727
"143","Denmark",2011,13.6,10.5,"0.922",5244150,589,65598,11.2315627890125
"144","Denmark",2012,14,9.3,"0.924",5270539,661,62071,12.5414117986794
"145","Denmark",2013,14.2,9.4,"0.926",5299698,610,64831,11.5100898202124
"146","Denmark",2014,13.2,9.5,"0.928",5339166,629,66114,11.7808661502564
"147","Denmark",2015,11.5,9.3,"0.926",5383060,564,55972,10.4773121607413
"148","Estonia",1995,9.7,8.3,"0.724",1356651,594,3224,43.784289400885
"149","Estonia",1996,9.9,8,"0.734",1342202,545,3536,40.6049163985749
"150","Estonia",1997,10.4,8.3,"0.747",1331234,522,3806,39.2117388828711
"151","Estonia",1998,9.5,8,"0.759",1321719,477,4250,36.0893654400065
"152","Estonia",1999,11.6,8.9,"0.766",1313198,468,4361,35.6381901282213
"153","Estonia",2000,13.4,9,"0.78",1334175,377,4262,28.257162666067
"154","Estonia",2001,13.1,10.1,"0.79",1325610,401,4711,30.2502244249817
"155","Estonia",2002,10,12,"0.799",1316690,371,5561,28.1767158556684
"156","Estonia",2003,11.3,11.8,"0.806",1307160,342,7523,26.1635912971633
"157","Estonia",2004,10.2,11.5,"0.814",1297650,323,9293,24.8911493854275
"158","Estonia",2005,8,13,"0.825",1288495,273,10870,21.1875094587096
"159","Estonia",2006,5.9,13.4,"0.832",1278915,247,13264,19.3132459936743
"160","Estonia",2007,4.6,14.8,"0.839",1270415,251,17504,19.7573233943239
"161","Estonia",2008,5.5,14.2,"0.841",1264005,242,19141,19.1454938864957
"162","Estonia",2009,13.5,11.9,"0.838",1259010,269,15609,21.3659939158545
"163","Estonia",2010,16.7,11.4,"0.844",1254225,223,15540,17.7799039247344
"164","Estonia",2011,12.3,12,"0.853",1249427,218,18545,17.4479981623576
"165","Estonia",2012,10,12.1,"0.859",1251631,237,18411,18.9352932293943
"166","Estonia",2013,8.6,11.9,"0.863",1243096,218,20221,17.536859582848
"167","Estonia",2014,7.4,11.1,"0.865",1241852,241,21117,19.4064993252014
"168","Estonia",2015,6.2,10.6,"0.871",1243450,195,18149,15.6821745948772
"169","Finland",1995,17,8.3,"0.816",4781300,1388,28068,29.029761780269
"170","Finland",1996,15.6,8.2,"0.823",4802200,1247,27508,25.96726500354
"171","Finland",1997,15,8.6,"0.832",4823200,1322,26296,27.4091889202189
"172","Finland",1998,13.2,8.6,"0.84",4844673,1228,27646,25.3474279894639
"173","Finland",1999,11.7,8.6,"0.848",4864255,1207,27800,24.8136662243242
"174","Finland",2000,11.1,8.6,"0.858",4881820,1165,25716,23.864050702402
"175","Finland",2001,10.3,9,"0.864",4898983,1204,26383,24.5765294551951
"176","Finland",2002,10.4,9.2,"0.867",4915614,1095,28390,22.2759557605622
"177","Finland",2003,10.5,9.3,"0.87",4929856,1075,34701,21.8059107608823
"178","Finland",2004,10.4,9.9,"0.891",4944765,1064,39793,21.5177060992787
"179","Finland",2005,8.4,10,"0.895",4961784,994,41202,20.0331171207775
"180","Finland",2006,7.7,10.1,"0.899",4979740,1062,43487,21.3264146320892
"181","Finland",2007,6.9,10.5,"0.901",4998853,995,51089,19.9045661074651
"182","Finland",2008,6.4,10.3,"0.904",5020096,1033,56521,20.57729573299
"183","Finland",2009,8.2,10,"0.899",5042316,1034,49878,20.5064498139347
"184","Finland",2010,8.4,9.7,"0.903",5063494,954,48939,18.8407451455457
"185","Finland",2011,7.8,9.8,"0.907",5085985,912,53809,17.9316297629663
"186","Finland",2012,7.7,9.3,"0.908",5110450,873,50232,17.0826443855238
"187","Finland",2013,8.2,9.1,"0.916",5135433,887,52572,17.2721560187817
"188","Finland",2014,8.7,8.8,"0.918",5159944,789,52832,15.2908636217757
"189","Finland",2015,9.4,8.5,"0.919",5181797,731,44862,14.1070752096232
"190","France",1995,11.8,14.5,"0.825",54528500,11819,29363,21.6749039493109
"191","France",1996,12.4,14.5,"0.83",54791600,11279,29305,20.585272195008
"192","France",1997,12.6,14.3,"0.834",55045500,11139,26394,20.2359865929095
"193","France",1998,12.1,14.5,"0.839",55280700,10534,27190,19.0554750572985
"194","France",1999,12,14.4,"0.844",55043393,10268,27118,18.6543732869084
"195","France",2000,10.2,13.9,"0.842",55267624,10849,24648,19.6299374114581
"196","France",2001,8.6,14.1,"0.845",55511272,10449,24796,18.8232040512421
"197","France",2002,8.7,13.9,"0.845",55935517,10643,26714,19.0272667006904
"198","France",2003,8.3,13.4,"0.848",56360402,10871,32656,19.288364905559
"199","France",2004,8.9,13.1,"0.852",56813922,10804,37240,19.016465717681
"200","France",2005,8.5,12.9,"0.86",57160687,10713,38420,18.7419021048505
"201","France",2006,8.4,13.1,"0.865",57824447,10423,40097,18.0252480408503
"202","France",2007,7.7,12.9,"0.867",58167011,10127,45682,17.4102121217815
"203","France",2008,7.1,12.5,"0.869",58482967,10353,49901,17.7025902259713
"204","France",2009,8.7,12.6,"0.869",58770727,10499,45775,17.8643357602161
"205","France",2010,8.9,12.3,"0.872",59056283,10379,44747,17.5747599963242
"206","France",2011,8.8,12.4,"0.876",59344643,10408,48217,17.5382300302994
"207","France",2012,9.4,12.2,"0.878",59638457,9743,45002,16.3367741053394
"208","France",2013,9.9,11.6,"0.882",59910069,9600,46922,16.0240175987779
"209","France",2014,10.3,12,"0.887",60275954,8881,47318,14.7339020133966
"210","France",2015,10.4,11.9,"0.888",63087510,9240,47622,14.6463222276485
"211","Germany",1995,8.2,13.4,"0.834",77547500,12888,33420,16.6194912795383
"212","Germany",1996,8.8,13.1,"0.839",77882500,12225,32147,15.6967226270343
"213","Germany",1997,9.9,13,"0.844",78067900,12256,28420,15.6991541978201
"214","Germany",1998,9.8,12.7,"0.853",78071100,11654,28733,14.9274187247266
"215","Germany",1999,8.9,12.8,"0.861",78141200,11160,28154,14.2818385179649
"216","Germany",2000,7.9,12.9,"0.869",78242066,11073,24922,14.1522336590652
"217","Germany",2001,7.8,12.5,"0.876",78421514,11167,24874,14.2397148823217
"218","Germany",2002,8.5,12.3,"0.883",78633771,11176,26441,14.2127229279135
"219","Germany",2003,9.8,11.9,"0.889",78756461,11155,31816,14.1639172943538
"220","Germany",2004,10.7,11.8,"0.899",78811814,10741,35772,13.6286673975046
"221","Germany",2005,11.2,11.7,"0.9",78851254,10270,36289,13.0245233639531
"222","Germany",2006,10.3,11.8,"0.91",78828994,9775,38088,12.4002597318444
"223","Germany",2007,8.7,11.5,"0.914",78776585,9409,43667,11.9439043974805
"224","Germany",2008,7.5,11.4,"0.916",78662789,9459,47702,12.0247452706006
"225","Germany",2009,7.7,11.2,"0.916",78448602,9579,43570,12.2105426429396
"226","Germany",2010,7,11.2,"0.92",78349067,10030,43614,12.8016840328169
"227","Germany",2011,5.8,11.3,"0.925",78371140,10153,47947,12.95502400501
"228","Germany",2012,5.4,11.3,"0.927",78508115,9896,45142,12.6050663679799
"229","Germany",2013,5.2,11.1,"0.927",77270988,10091,48563,13.0592351168074
"230","Germany",2014,5,11.1,"0.93",77552369,10217,50167,13.1743235335596
"231","Germany",2015,4.6,11.1,"0.933",78136683,10088,43201,12.9107093015453
"232","Greece",1995,9.1,10.1,"0.768",10101632,370,13550,3.66277449030018
"233","Greece",1996,9.7,9.7,"0.772",10178479,356,14330,3.49757562009019
"234","Greece",1997,9.6,9.5,"0.777",10248806,374,13968,3.64920557575195
"235","Greece",1998,10.8,9,"0.787",10310630,403,14008,3.90858754508696
"236","Greece",1999,11.9,9.5,"0.789",10362363,381,13756,3.6767675480969
"237","Greece",2000,11.2,8.6,"0.796",10403059,382,12509,3.67199686169232
"238","Greece",2001,10.5,8.8,"0.806",10441529,334,13043,3.19876523830945
"239","Greece",2002,10,8.2,"0.818",10482045,323,14676,3.08145977240128
"240","Greece",2003,9.4,8.9,"0.825",10515665,375,19202,3.56610827750789
"241","Greece",2004,10.3,9.1,"0.835",10547290,353,22804,3.34683127135027
"242","Greece",2005,10,9.2,"0.845",10582816,400,23414,3.77971231853601
"243","Greece",2006,9,8.7,"0.851",10618891,394,25739,3.71036862512291
"244","Greece",2007,8.4,8.9,"0.849",10653591,328,29896,3.07877409598322
"245","Greece",2008,7.8,8.7,"0.857",10686723,373,33168,3.49031223135474
"246","Greece",2009,9.6,8.3,"0.859",10719618,391,30785,3.6475180365569
"247","Greece",2010,12.7,8.2,"0.857",10735384,377,27886,3.51175141941825
"248","Greece",2011,17.9,7.3,"0.853",10728724,477,26825,4.44600867726675
"249","Greece",2012,24.4,7.5,"0.856",10539802,508,23309,4.81982488855104
"250","Greece",2013,27.5,7.4,"0.858",10431289,533,22994,5.10962739120736
"251","Greece",2014,26.5,7,"0.866",10380547,565,22834,5.44287309714989
"252","Greece",2015,24.9,6.6,"0.868",10331286,529,18927,5.12036933253034
"253","Hungary",1995,10.2,12.2,"0.741",9737248,3366,4767,34.56828869923
"254","Hungary",1996,10,12.5,"0.746",9737250,3436,4792,35.287170402321
"255","Hungary",1997,9,12.3,"0.747",9737781,3208,4856,32.943850349479
"256","Hungary",1998,8.9,12.2,"0.754",9734373,3245,5010,33.335480364272
"257","Hungary",1999,6.9,12.2,"0.761",9553064,3326,5147,34.8160548280635
"258","Hungary",2000,6.6,12,"0.769",9527034,3269,4966,34.3128826873086
"259","Hungary",2001,5.7,13.2,"0.777",9704598,2978,5546,30.6864849012808
"260","Hungary",2002,5.6,13.3,"0.784",9680164,2839,6995,29.3280155170925
"261","Hungary",2003,5.8,13.2,"0.793",9652533,2800,8840,29.0079298356193
"262","Hungary",2004,5.8,13.2,"0.795",9630044,2742,10806,28.4733901527345
"263","Hungary",2005,7.2,13,"0.802",9608943,2619,11764,27.2558594634186
"264","Hungary",2006,7.5,13.2,"0.811",9591110,2461,12021,25.6591781347519
"265","Hungary",2007,7.4,12.6,"0.814",9572938,2450,14609,25.5929788744062
"266","Hungary",2008,7.8,11.8,"0.818",9552784,2476,16540,25.9191456647612
"267","Hungary",2009,10,11.5,"0.823",9534237,2460,13697,25.8017500508955
"268","Hungary",2010,11.2,10.8,"0.826",9514005,2489,13761,26.1614325407649
"269","Hungary",2011,11,11.4,"0.823",9495011,2420,14827,25.487068945997
"270","Hungary",2012,11,11.1,"0.826",9453181,2349,13525,24.8487784164928
"271","Hungary",2013,10.2,10.6,"0.835",9433840,2092,14333,22.1754873943166
"272","Hungary",2014,7.7,10.9,"0.833",9412788,1925,14886,20.4509014757371
"273","Hungary",2015,6.8,10.8,"0.835",9389519,1868,13087,19.8945228184745
"274","Iceland",1995,5.2,4.7,"0.829",244700,27,28680,11.0339190845934
"275","Iceland",1996,3.6,4.8,"0.834",246500,33,29740,13.3874239350913
"276","Iceland",1997,3.7,5.1,"0.841",248929,33,30326,13.256792097345
"277","Iceland",1998,3.1,5.5,"0.851",252253,30,33513,11.8928218891351
"278","Iceland",1999,2.2,5.9,"0.855",255820,31,34858,12.1178953951997
"279","Iceland",2000,1.9,6.2,"0.861",259723,50,34372,19.251279247506
"280","Iceland",2001,1.9,6.4,"0.867",263738,36,30850,13.6499101380916
"281","Iceland",2002,3,6.6,"0.876",266455,30,34556,11.25893678107
"282","Iceland",2003,4,6.6,"0.882",268330,26,42174,9.68956136101069
"283","Iceland",2004,4,6.8,"0.886",271588,35,50528,12.8871673269806
"284","Iceland",2005,2.5,7.1,"0.891",274929,33,60712,12.003098981919
"285","Iceland",2006,2.8,7.2,"0.893",282999,32,60243,11.3074604503903
"286","Iceland",2007,2.3,7.5,"0.899",289712,37,73590,12.7713039156127
"287","Iceland",2008,2.9,7.2,"0.892",296836,38,59489,12.8016817367166
"288","Iceland",2009,7.2,7.2,"0.891",296204,36,43700,12.1537859043092
"289","Iceland",2010,7.6,6.8,"0.892",294620,46,45179,15.6133324282126
"290","Iceland",2011,7,6.8,"0.901",295475,27,49861,9.13782891953634
"291","Iceland",2012,6,6.8,"0.908",297238,37,48083,12.4479373431392
"292","Iceland",2013,5.4,6.8,"0.92",300456,49,51749,16.3085443459275
"293","Iceland",2014,4.9,7,"0.924",304472,44,56833,14.4512467484695
"294","Iceland",2015,4,7.7,"0.927",308554,40,54909,12.9636951716717
"295","Ireland",1995,12,11.5,"0.795",3345900,403,20689,12.0445918885801
"296","Ireland",1996,11.7,12.2,"0.801",3375800,408,22478,12.0860240535577
"297","Ireland",1997,10.2,12.8,"0.809",3414285,466,24259,13.6485384201963
"298","Ireland",1998,7.7,13.2,"0.841",3449415,498,26115,14.4372306608512
"299","Ireland",1999,5.8,13.8,"0.849",3481871,424,28344,12.1773609648376
"300","Ireland",2000,4.3,14.2,"0.857",3523376,463,28340,13.1408058634673
"301","Ireland",2001,3.7,14.5,"0.863",3573974,488,30536,13.6542683298759
"302","Ireland",2002,4.2,14.3,"0.871",3639573,449,35154,12.3366120146512
"303","Ireland",2003,4.5,13.5,"0.879",3694079,454,44473,12.289937491862
"304","Ireland",2004,4.5,13.6,"0.888",3752679,464,51662,12.3645001344373
"305","Ireland",2005,4.3,13.4,"0.893",3833357,451,55213,11.7651447543237
"306","Ireland",2006,4.4,13.4,"0.895",3937578,452,58941,11.4791376831138
"307","Ireland",2007,5,13.2,"0.899",4026707,458,67032,11.3740582565357
"308","Ireland",2008,6.8,12.2,"0.9",4094192,506,67173,12.3589709520218
"309","Ireland",2009,12.6,11,"0.896",4117667,527,57390,12.7985094472185
"310","Ireland",2010,14.5,11.6,"0.89",4264857,486,52042,11.3954582767957
"311","Ireland",2011,15.4,11.7,"0.894",4218849,554,56655,13.1315436982931
"312","Ireland",2012,15.5,11.5,"0.899",4220806,542,53443,12.8411492970774
"313","Ireland",2013,13.7,10.6,"0.908",4227378,487,56628,11.520143218799
"314","Ireland",2014,11.9,10.8,"0.92",4328043,486,59634,11.2290936111309
"315","Ireland",2015,9.9,10.7,"0.926",4665018,486,69147,10.4179662329277
"316","Israel",1995,8.8,1.5,"0.824",4977700,360,20159,7.23225586114069
"317","Israel",1996,8.5,1.6,"0.828",5103700,306,21545,5.99565021455023
"318","Israel",1997,9.8,2,"0.836",5233500,379,21921,7.24180758574568
"319","Israel",1998,10.7,2.1,"0.843",5360200,318,21637,5.93261445468453
"320","Israel",1999,11.2,2,"0.85",5497047,368,21319,6.69450343066013
"321","Israel",2000,11.1,2.6,"0.853",5643291,394,23451,6.98174168229141
"322","Israel",2001,11.8,2.8,"0.857",5777467,398,22623,6.88883207814082
"323","Israel",2002,12.9,2.8,"0.865",5895508,382,20536,6.47950948416998
"324","Israel",2003,13.5,2.6,"0.865",6003127,417,21133,6.94637977840549
"325","Israel",2004,13,2.4,"0.867",6109931,411,22168,6.72675354271595
"326","Israel",2005,11.3,2.5,"0.871",6220861,425,22901,6.83185173242096
"327","Israel",2006,10.7,2.3,"0.872",6334485,367,24306,5.79368330653558
"328","Israel",2007,9.4,2.5,"0.881",6448814,326,27712,5.05519309442015
"329","Israel",2008,7.7,2.6,"0.88",6565602,354,32874,5.39173711717524
"330","Israel",2009,9.5,2.7,"0.882",6731835,404,30812,6.00133544568457
"331","Israel",2010,8.5,2.7,"0.887",6849825,480,34104,7.00747829324107
"332","Israel",2011,7.1,2.8,"0.892",6971495,409,37528,5.86674737628012
"333","Israel",2012,6.9,2.9,"0.893",7095360,430,36263,6.06029856131331
"334","Israel",2013,6.2,2.9,"0.895",7226008,372,40477,5.14807069131393
"335","Israel",2014,5.9,2.7,"0.9",7366252,382,41869,5.18581226925172
"336","Israel",2015,5.3,2.7,"0.901",7516180,342,39793,4.55018373695148
"337","Italy",1995,11.7,9.6,"0.8",54141172,4569,21625,8.43904893673155
"338","Italy",1996,11.9,9.1,"0.806",54150332,4689,24172,8.65922668765909
"339","Italy",1997,12,9.1,"0.814",54181477,4694,22869,8.66347737253453
"340","Italy",1998,12.1,9,"0.819",54250592,4504,23342,8.30221355003831
"341","Italy",1999,11.7,8.9,"0.824",54280527,4115,23002,7.58098756115614
"342","Italy",2000,10.8,9.8,"0.83",54298946,4108,21027,7.5655243842118
"343","Italy",2001,9.6,9.7,"0.837",54333844,4030,21392,7.41710820239407
"344","Italy",2002,9.2,9.3,"0.842",54526842,4069,23227,7.46237972116559
"345","Italy",2003,8.9,9.3,"0.847",54937570,4075,28572,7.41751045777962
"346","Italy",2004,7.9,9,"0.852",54988156,3986,32704,7.24883373066738
"347","Italy",2005,7.7,8.7,"0.857",55244690,3742,33536,6.77350167047729
"348","Italy",2006,6.8,8.4,"0.862",56180672,3700,34578,6.58589487858031
"349","Italy",2007,6.1,8.4,"0.866",56583578,3757,38935,6.63973564909593
"350","Italy",2008,6.7,8,"0.868",57009825,3904,41935,6.84794243799205
"351","Italy",2009,7.7,7.3,"0.868",57351830,3974,38101,6.92915988905672
"352","Italy",2010,8.4,7,"0.871",57637843,3989,36869,6.92080028046851
"353","Italy",2011,8.4,7,"0.875",56610149,4153,40210,7.336140380058
"354","Italy",2012,10.7,7.5,"0.874",56795085,4257,36497,7.49536689662495
"355","Italy",2013,12.1,7.3,"0.873",57503331,4290,37050,7.46043737883637
"356","Italy",2014,12.7,7.3,"0.874",58100676,4147,37035,7.13761058477185
"357","Italy",2015,11.9,7.1,"0.875",58117697,3988,31537,6.86193742329466
"358","Japan",1995,3.2,8.9,"0.84",118349500,21249,46043,17.9544484767574
"359","Japan",1996,3.4,9,"0.845",118785000,21967,40693,18.4930757250495
"360","Japan",1997,3.4,8.8,"0.848",119060000,23280,37080,19.553166470687
"361","Japan",1998,4.1,8.7,"0.847",119338000,31458,33791,26.3604216594882
"362","Japan",1999,4.7,8.8,"0.85",119540000,31115,38164,26.0289442864313
"363","Japan",2000,4.7,8.6,"0.855",119752660,29989,40813,25.0424499965178
"364","Japan",2001,5,8.6,"0.859",120066000,29132,35843,24.2633218396549
"365","Japan",2002,5.4,8.4,"0.862",120189000,29715,34239,24.723560392382
"366","Japan",2003,5.3,8.4,"0.865",120395000,31881,36926,26.4803355621081
"367","Japan",2004,4.7,8.2,"0.869",120500000,30034,39960,24.9244813278008
"368","Japan",2005,4.4,8.5,"0.873",120657507,30369,39412,25.1695901523972
"369","Japan",2006,4.1,7.9,"0.877",120702000,29769,37534,24.663220162052
"370","Japan",2007,3.9,7.7,"0.88",120704000,30665,37408,25.4051232767762
"371","Japan",2008,4,7.5,"0.881",120602000,30073,41773,24.9357390424703
"372","Japan",2009,5.1,7.4,"0.88",120496000,30523,43415,25.3311313238614
"373","Japan",2010,5.1,7.3,"0.885",121127267,29411,47059,24.2810728983095
"374","Japan",2011,4.5,7.3,"0.89",120927000,28766,50919,23.7879050997709
"375","Japan",2012,4.3,7.2,"0.895",120735000,26338,51379,21.8147181844536
"376","Japan",2013,4,7.4,"0.9",120514000,25991,42781,21.5667889207893
"377","Japan",2014,3.6,7.1,"0.904",120274000,24357,40328,20.2512596238589
"378","Japan",2015,3.4,7.2,"0.906",120376310,23092,36510,19.1831764904573
"379","Korea",1995,2.1,8.9,"0.778",42076400,4841,13217,11.505261857003
"380","Korea",1996,2,9.1,"0.789",42507100,5857,14071,13.77887458801
"381","Korea",1997,2.6,8.9,"0.8",42956100,6024,12978,14.0236194626607
"382","Korea",1998,7,8.7,"0.797",43395700,8569,8624,19.7461960516825
"383","Korea",1999,6.3,9.2,"0.808",43817300,7075,11074,16.146590501925
"384","Korea",2000,4.4,8.9,"0.817",44271743,6444,12686,14.5555597393127
"385","Korea",2001,4,8.5,"0.824",44710865,6911,11922,15.45709303544
"386","Korea",2002,3.3,9.2,"0.832",45110041,8611,13501,19.0888764654415
"387","Korea",2003,3.6,9.3,"0.839",45455888,10898,14971,23.9748918775935
"388","Korea",2004,3.7,9.3,"0.847",45779970,11492,16708,25.1026813691665
"389","Korea",2005,3.7,9,"0.855",46151884,12011,19460,26.0249397402715
"390","Korea",2006,3.5,9.2,"0.862",46513964,10653,21753,22.9027996839831
"391","Korea",2007,3.2,9.3,"0.869",46814207,12174,23982,26.0049262395922
"392","Korea",2008,3.2,9.5,"0.874",47101747,12858,21278,27.2983505261493
"393","Korea",2009,3.6,8.9,"0.871",47380017,15402,19036,32.5073754194727
"394","Korea",2010,3.7,9,"0.882",47598615,15558,22994,32.6858249972189
"395","Korea",2011,3.4,8.9,"0.888",47798017,15906,25157,33.2775311578302
"396","Korea",2012,3.2,9.1,"0.89",48020985,14159,25464,29.4850261817828
"397","Korea",2013,3.1,8.7,"0.893",48248224,14426,27060,29.899546147025
"398","Korea",2014,3.5,8.9,"0.896",48465917,13834,29120,28.543770254053
"399","Korea",2015,3.5,9.1,"0.899",48671752,13510,28410,27.7573735171892
"400","Latvia",1995,19,9.1,"0.673",2374700,1024,2438,43.121236366699
"401","Latvia",1996,20.9,8.4,"0.68",2363400,922,2526,39.011593467039
"402","Latvia",1997,14.9,8.4,"0.692",2354700,886,2771,37.626873911751
"403","Latvia",1998,14.5,8.9,"0.705",2344100,839,3061,35.7919883963995
"404","Latvia",1999,13.8,8.8,"0.716",2333400,763,3228,32.6990657409788
"405","Latvia",2000,14.2,7.1,"0.728",2272107,770,3494,33.8892490538518
"406","Latvia",2001,13.8,6.7,"0.745",2242227,708,3724,31.5757503589066
"407","Latvia",2002,13.8,7.4,"0.76",2214484,670,4311,30.25535519787
"408","Latvia",2003,12.1,8.2,"0.774",2190211,604,5364,27.5772516894491
"409","Latvia",2004,11.7,8.8,"0.788",2163477,563,6644,26.0229251339395
"410","Latvia",2005,10,9.9,"0.802",2137831,564,7916,26.3818795779461
"411","Latvia",2006,7,10.4,"0.809",2115215,487,10139,23.0236642610798
"412","Latvia",2007,6.1,12.1,"0.818",2093878,453,14758,21.6344982850004
"413","Latvia",2008,7.7,11.8,"0.821",2067529,527,17217,25.4893643571626
"414","Latvia",2009,17.5,9.9,"0.819",2030316,516,12890,25.4147630221108
"415","Latvia",2010,19.5,9.8,"0.817",1987906,438,11951,22.0332349718749
"416","Latvia",2011,16.2,10.1,"0.822",1953611,440,14447,22.5223957072314
"417","Latvia",2012,15,10.2,"0.825",1931521,444,14558,22.9870656337674
"418","Latvia",2013,11.9,10.4,"0.834",1912464,383,15820,20.0265207606522
"419","Latvia",2014,10.8,10.6,"0.836",1894041,382,16544,20.1685179993464
"420","Latvia",2015,9.9,10.8,"0.842",1875522,387,14382,20.6342554232902
"421","Lithuania",1995,17.5,7.9,"0.703",3387149,1694,2324,50.0125621872554
"422","Lithuania",1996,16.4,7.9,"0.712",3375163,1722,2484,51.0197581568653
"423","Lithuania",1997,14.1,8.7,"0.724",3364273,1632,3008,48.5097374677976
"424","Lithuania",1998,13.7,8,"0.736",3350973,1553,3354,46.3447482268583
"425","Lithuania",1999,13.4,8.6,"0.744",3333452,1550,3292,46.4983446589301
"426","Lithuania",2000,15.9,9.7,"0.755",3315125,1631,3481,49.198748161834
"427","Lithuania",2001,16.8,10.5,"0.767",3294138,1533,3719,46.5372124665087
"428","Lithuania",2002,13,11.1,"0.778",3274488,1551,4360,47.3661836598577
"429","Lithuania",2003,12.9,11.3,"0.79",3254127,1455,5778,44.7124528329718
"430","Lithuania",2004,10.7,12.2,"0.798",3222969,1380,7028,42.8176628444146
"431","Lithuania",2005,8.3,12.5,"0.81",3174728,1319,8229,41.5468663772141
"432","Lithuania",2006,5.8,13.2,"0.819",3125767,1049,9667,33.5597630917468
"433","Lithuania",2007,4.2,13.9,"0.826",3087867,1025,12869,33.1944348639368
"434","Lithuania",2008,5.8,13.9,"0.831",3053756,1111,15669,36.3814266758706
"435","Lithuania",2009,13.8,13.1,"0.821",3016497,1138,12412,37.7258787262179
"436","Lithuania",2010,17.8,13.5,"0.824",2949737,1018,12584,34.5115513688169
"437","Lithuania",2011,15.4,14.7,"0.831",2879805,1018,15097,35.3496156857843
"438","Lithuania",2012,13.4,14.7,"0.835",2837770,927,15099,32.6664951705036
"439","Lithuania",2013,11.8,14.5,"0.84",2806627,1085,16538,38.6585036059298
"440","Lithuania",2014,10.7,14.2,"0.852",2781577,930,17442,33.434271278487
"441","Lithuania",2015,9.1,14,"0.855",2753926,896,15073,32.5353695052082
"442","Luxembourg",1995,2.9,13.7,"0.817",382100,63,56499,16.4878304108872
"443","Luxembourg",1996,3.3,13.4,"0.826",387700,72,56169,18.5710600980139
"444","Luxembourg",1997,2.5,13.2,"0.835",392600,81,50260,20.6316861946001
"445","Luxembourg",1998,2.8,13,"0.843",397915,64,50788,16.0838370003644
"446","Luxembourg",1999,2.4,13,"0.856",403890,70,55054,17.3314516328703
"447","Luxembourg",2000,2.3,13.4,"0.86",410164,62,51841,15.1159048575692
"448","Luxembourg",2001,1.8,13.3,"0.865",413930,73,51391,17.6358321455319
"449","Luxembourg",2002,2.6,13.1,"0.869",418106,85,56484,20.3297728327266
"450","Luxembourg",2003,3.7,12.7,"0.87",423654,48,69768,11.330000424875
"451","Luxembourg",2004,5.1,12.5,"0.876",430128,62,80639,14.4143138786594
"452","Luxembourg",2005,4.5,12.3,"0.88",437338,49,85397,11.2041487362178
"453","Luxembourg",2006,4.7,12.4,"0.884",444821,65,95351,14.6126194581641
"454","Luxembourg",2007,4.1,12.2,"0.888",452012,78,112581,17.2561790394945
"455","Luxembourg",2008,5.1,12,"0.89",460371,43,121315,9.34029293765246
"456","Luxembourg",2009,5.1,11.9,"0.885",469209,48,109483,10.2299828008414
"457","Luxembourg",2010,4.4,11.8,"0.893",477979,54,111328,11.2975674663531
"458","Luxembourg",2011,4.9,11.8,"0.892",488918,55,122729,11.2493301535227
"459","Luxembourg",2012,5.1,11.8,"0.892",501044,51,113120,10.1787467767302
"460","Luxembourg",2013,5.8,11.4,"0.892",512689,40,120423,7.80200082311109
"461","Luxembourg",2014,5.9,11.6,"0.895",524940,67,126352,12.7633634320113
"462","Luxembourg",2015,6.7,11.5,"0.899",537748,64,107456,11.9014854541532
"463","Mexico",1995,7.1,5.1,"0.672",79927100,2877,4505,3.59953007177791
"464","Mexico",1996,5.5,5.3,"0.679",83802294,3008,4904,3.5894005479134
"465","Mexico",1997,4.2,4.8,"0.685",85340880,3350,5864,3.92543409442227
"466","Mexico",1998,3.7,4.9,"0.693",86825678,3312,6064,3.81453974940455
"467","Mexico",1999,2.6,4.9,"0.698",88271977,3327,6800,3.76903306470637
"468","Mexico",2000,2.6,5.2,"0.705",89694793,3456,7892,3.85306647622232
"469","Mexico",2001,2.6,5,"0.708",91052714,3760,8311,4.12947603077488
"470","Mexico",2002,3,4.9,"0.714",92394316,3826,8357,4.14094737169763
"471","Mexico",2003,3.5,5,"0.72",93758859,4070,7779,4.34092313346091
"472","Mexico",2004,3.9,5,"0.726",95193068,4056,8217,4.26081445342218
"473","Mexico",2005,3.6,5,"0.729",96730008,4274,9071,4.41848407579993
"474","Mexico",2006,3.6,5.2,"0.737",98468839,4230,9906,4.29577523504669
"475","Mexico",2007,3.6,4.1,"0.738",100294297,4285,10496,4.27242637734427
"476","Mexico",2008,3.9,4,"0.74",102170587,4642,10864,4.54338194220221
"477","Mexico",2009,5.4,4.3,"0.739",104044342,5023,8651,4.82774930711754
"478","Mexico",2010,5.3,4,"0.739",105875861,4858,9991,4.58839243819703
"479","Mexico",2011,5.2,4,"0.746",107655100,5558,10965,5.16278374178279
"480","Mexico",2012,4.9,3.9,"0.752",109368765,5381,10982,4.92005189964429
"481","Mexico",2013,4.9,3.9,"0.75",111036708,5711,11478,5.14334412724124
"482","Mexico",2014,4.8,4,"0.754",112692589,6178,11663,5.48217061549629
"483","Mexico",2015,4.3,4.4,"0.759",114357884,6234,10228,5.45130758103219
"484","Netherlands",1995,7.2,9.8,"0.862",14474000,1511,30850,10.4394085947216
"485","Netherlands",1996,6.4,9.9,"0.866",14553700,1577,30625,10.8357324941424
"486","Netherlands",1997,5.5,10.1,"0.866",14639900,1572,28156,10.7377782635127
"487","Netherlands",1998,4.4,9.9,"0.868",14734600,1519,29351,10.3090684511286
"488","Netherlands",1999,3.6,10.1,"0.871",14832000,1519,29799,10.2413700107875
"489","Netherlands",2000,2.7,10.1,"0.876",14933235,1501,27644,10.0514054724244
"490","Netherlands",2001,2.1,10,"0.88",15038337,1474,28366,9.80161569726759
"491","Netherlands",2002,2.6,9.8,"0.879",15130318,1570,30757,10.3765168716216
"492","Netherlands",2003,3.6,9.7,"0.883",15203397,1502,37614,9.87937103793317
"493","Netherlands",2004,4.6,9.6,"0.886",15265861,1514,42614,9.91755394602374
"494","Netherlands",2005,5.9,9.6,"0.891",15320595,1574,44289,10.2737524228008
"495","Netherlands",2006,5,9.6,"0.897",15368697,1525,47281,9.9227670374398
"496","Netherlands",2007,4.2,9.6,"0.904",15425404,1354,54418,8.77772796096621
"497","Netherlands",2008,3.7,9.7,"0.906",15506963,1439,60375,9.27970228599888
"498","Netherlands",2009,4.3,9.4,"0.906",15602176,1530,54988,9.80632445115348
"499","Netherlands",2010,5,9.1,"0.911",15691409,1604,53302,10.2221540462045
"500","Netherlands",2011,5,9,"0.922",15772162,1650,56667,10.4614700254791
"501","Netherlands",2012,5.8,9.1,"0.921",15839503,1756,52334,11.086206429583
"502","Netherlands",2013,7.2,8.7,"0.924",15899508,1856,54510,11.6733171869218
"503","Netherlands",2014,7.4,8.4,"0.925",15899508,1839,55325,11.5663956394122
"504","Netherlands",2015,6.9,8.3,"0.927",16057342,1873,47206,11.6644460832932
"505","New Zealand",1995,6.5,9.3,"0.853",3373800,545,18945,16.1538917541052
"506","New Zealand",1996,6.3,8.8,"0.856",3432500,540,20434,15.7319737800437
"507","New Zealand",1997,6.9,8.7,"0.861",3470200,562,19041,16.195031986629
"508","New Zealand",1998,7.7,8.7,"0.864",3502800,574,16052,16.3868904876099
"509","New Zealand",1999,7,8.9,"0.865",3549300,516,16556,14.5380779308596
"510","New Zealand",2000,6.1,8.9,"0.87",3573690,458,14725,12.8158849816296
"511","New Zealand",2001,5.4,8.7,"0.874",3599090,508,14968,14.1146789882998
"512","New Zealand",2002,5.3,9.1,"0.882",3659190,467,18208,12.7623873042941
"513","New Zealand",2003,4.8,8.9,"0.885",3729420,519,23663,13.9163730553276
"514","New Zealand",2004,4,9.1,"0.887",3802510,495,27325,13.0177172446621
"515","New Zealand",2005,3.8,9.3,"0.889",3849280,514,29803,13.353146562474
"516","New Zealand",2006,3.9,9.3,"0.892",3898600,527,28628,13.5176730108244
"517","New Zealand",2007,3.7,9.2,"0.894",3935450,494,34892,12.552567050782
"518","New Zealand",2008,4.2,9.5,"0.895",3968450,520,33585,13.1033526943769
"519","New Zealand",2009,6.1,9.3,"0.898",4009980,512,30259,12.7681434820124
"520","New Zealand",2010,6.6,9.6,"0.899",4055470,536,36145,13.2167171745815
"521","New Zealand",2011,6.5,9.5,"0.902",4090460,493,41184,12.0524342005545
"522","New Zealand",2012,6.9,9.2,"0.905",4120870,549,42756,13.3224294869773
"523","New Zealand",2013,6.3,9.2,"0.907",4129770,513,46198,12.4219992880959
"524","New Zealand",2014,5.8,9.1,"0.91",4482624,513,47134,11.44418983167
"525","New Zealand",2015,5.4,8.7,"0.914",4568275,513,47403,11.2296216843338
"526","Norway",1995,6.3,4.8,"0.883",4055900,548,37483,13.5111812421411
"527","Norway",1996,5,5,"0.888",4078000,517,40098,12.6777832270721
"528","Norway",1997,4.7,5.3,"0.894",4102100,533,39335,12.9933448721387
"529","Norway",1998,3.7,5.2,"0.906",4129400,548,37334,13.2706930788977
"530","Norway",1999,3.2,5.5,"0.911",4159745,583,39013,14.0152821867687
"531","Norway",2000,3.5,5.7,"0.917",4168315,541,41099,12.9788655607842
"532","Norway",2001,3.7,5.5,"0.916",4215103,549,41281,13.0245927560964
"533","Norway",2002,4,5.9,"0.918",4243689,494,46049,11.6408153377875
"534","Norway",2003,4.2,6,"0.924",4273124,502,53533,11.7478453702724
"535","Norway",2004,4.3,6.2,"0.934",4301960,529,61450,12.2967205645799
"536","Norway",2005,4.4,6.4,"0.932",4335092,533,71215,12.2950101174323
"537","Norway",2006,3.4,6.5,"0.936",4372103,532,79007,12.1680573399117
"538","Norway",2007,2.5,6.6,"0.938",4417369,485,90797,10.9793861459163
"539","Norway",2008,2.5,6.8,"0.938",4472089,505,103431,11.2922618489927
"540","Norway",2009,3.1,6.7,"0.938",4527536,573,85394,12.6558905329521
"541","Norway",2010,3.5,6.6,"0.942",4582885,548,93638,11.9575333005301
"542","Norway",2011,3.2,6.4,"0.943",4643300,598,107430,12.8787715633278
"543","Norway",2012,3.1,6.2,"0.942",4706585,515,108408,10.9421162052741
"544","Norway",2013,3.4,6.2,"0.946",4767605,554,109804,11.6200901710607
"545","Norway",2014,3.5,6.1,"0.945",4827178,548,103443,11.3523884969645
"546","Norway",2015,4.3,6,"0.948",4882909,590,79187,12.0829612020212
"547","Poland",1995,13.3,8.1,"0.74",36104900,5499,3937,15.2306196665827
"548","Poland",1996,12.4,8.1,"0.748",36243300,5446,4413,15.0262255368578
"549","Poland",1997,11,8.6,"0.759",36398320,5472,4416,15.0336608942391
"550","Poland",1998,9.9,8.4,"0.769",36649660,5449,4510,14.8678050492146
"551","Poland",1999,12.3,8.3,"0.778",36575200,5779,4640,15.8003237166167
"552","Poland",2000,16.3,8.4,"0.785",36233344,5841,4744,16.1205104337044
"553","Poland",2001,18.4,7.8,"0.791",36295390,5855,5249,16.1315252432885
"554","Poland",2002,19.9,8.1,"0.799",36347498,5925,5466,16.3009844584076
"555","Poland",2003,19.4,9.1,"0.804",36353775,5836,5983,16.0533534687938
"556","Poland",2004,19.1,9.2,"0.802",36371596,6072,7014,16.6943457746534
"557","Poland",2005,17.7,9.1,"0.808",36371365,6045,8417,16.620217580506
"558","Poland",2006,13.8,9.9,"0.813",36348232,5805,9485,15.9705154297463
"559","Poland",2007,9.6,10.3,"0.819",36310843,5284,11816,14.5521270326883
"560","Poland",2008,7.1,10.8,"0.824",36262711,5682,14721,15.6689884548345
"561","Poland",2009,8.2,10.2,"0.828",36223402,6477,12141,17.8807059590924
"562","Poland",2010,9.6,10,"0.835",36027791,6357,13304,17.6447121057186
"563","Poland",2011,9.6,10.3,"0.84",36008237,6113,14686,16.9766711988704
"564","Poland",2012,10.1,10.2,"0.836",36013446,6368,13894,17.6822845556074
"565","Poland",2013,10.3,10.8,"0.851",36023694,6218,14552,17.2608616984144
"566","Poland",2014,9,10.5,"0.853",36059630,5934,15119,16.4560756724348
"567","Poland",2015,7.5,10.5,"0.858",36086575,5420,13228,15.019435898253
"568","Portugal",1995,7.1,12.8,"0.76",9473844,809,12469,8.53930041491078
"569","Portugal",1996,7.3,12.1,"0.767",9515960,653,12887,6.86215578880113
"570","Portugal",1997,6.6,11.8,"0.773",9564579,628,12237,6.56589275910628
"571","Portugal",1998,4.7,11.7,"0.78",9617110,556,12892,5.78136259229644
"572","Portugal",1999,4.6,13.2,"0.779",9671357,545,13180,5.63519679813288
"573","Portugal",2000,3.8,12.8,"0.785",9740085,524,12152,5.3798298474808
"574","Portugal",2001,3.8,12.6,"0.79",9809536,761,12391,7.7577573495831
"575","Portugal",2002,4.5,12.5,"0.792",9859832,1210,13614,12.2720143710359
"576","Portugal",2003,6.1,12.2,"0.796",9895009,1156,16671,11.6826573881843
"577","Portugal",2004,6.3,12.3,"0.797",10483861,1167,19131,11.1313951987727
"578","Portugal",2005,7.6,12,"0.8",10503330,1165,21773,11.0917204353286
"579","Portugal",2006,7.6,11.8,"0.803",10523260,1020,23653,9.69281382385306
"580","Portugal",2007,8,11.5,"0.81",10005713,1020,24003,10.1941760672128
"581","Portugal",2008,7.6,11.5,"0.814",10030640,1038,26121,10.3482928307665
"582","Portugal",2009,9.4,11.5,"0.817",10049918,1025,24254,10.1990881915653
"583","Portugal",2010,10.8,11.3,"0.822",10066628,1099,23673,10.9172604768945
"584","Portugal",2011,12.7,10.9,"0.827",10062815,1017,24337,10.106515920247
"585","Portugal",2012,15.5,9.8,"0.829",10029396,1076,21573,10.7284626113078
"586","Portugal",2013,16.2,9.5,"0.837",9985074,1052,22641,10.5357256240665
"587","Portugal",2014,13.9,10.2,"0.84",9944433,1222,23091,12.2882822982467
"588","Portugal",2015,12.4,10.3,"0.843",10321250,1137,26321,11.0161075451132
"589","Slovak Republic",1995,13.1,10.3,"0.751",5005232,735,5141,14.6846339989835
"590","Slovak Republic",1996,11.3,10.7,"0.754",5032436,672,5529,13.3533739922376
"591","Slovak Republic",1997,11.9,10.8,"0.756",5058389,630,5468,12.4545581607108
"592","Slovak Republic",1998,12.2,10,"0.762",5081100,673,5871,13.2451634488595
"593","Slovak Republic",1999,15.9,10,"0.762",5098200,692,5966,13.5734180691224
"594","Slovak Republic",2000,19.1,11,"0.763",5111813,729,5696,14.2610850592539
"595","Slovak Republic",2001,19.4,10.8,"0.765",5100256,692,6020,13.5679463932791
"596","Slovak Republic",2002,18.7,10.8,"0.772",5107584,717,6869,14.0379482745658
"597","Slovak Republic",2003,17.1,9.9,"0.777",5113982,753,9138,14.7243380989608
"598","Slovak Republic",2004,18.6,10.1,"0.785",5121210,676,11177,13.2000054674579
"599","Slovak Republic",2005,16.3,11,"0.794",5126946,679,12229,13.2437517383643
"600","Slovak Republic",2006,13.4,10.6,"0.803",5129369,591,13763,11.5218850505783
"601","Slovak Republic",2007,11.1,10.7,"0.814",5132660,591,16815,11.5144973561467
"602","Slovak Republic",2008,9.5,11.2,"0.822",5137067,591,19530,11.504619270101
"603","Slovak Republic",2009,12,10.7,"0.823",5141744,601,17299,11.68864105253
"604","Slovak Republic",2010,14.4,10.1,"0.829",5147562,631,17387,12.2582302068435
"605","Slovak Republic",2011,13.6,10.2,"0.836",5399324,516,18056,9.55675191931434
"606","Slovak Republic",2012,14,10.1,"0.841",5116922,571,18256,11.1590522583694
"607","Slovak Republic",2013,14.2,9.9,"0.844",5122209,616,19226,12.0260614121759
"608","Slovak Republic",2014,13.2,10.1,"0.845",5129686,554,19679,10.7998813182717
"609","Slovak Republic",2015,11.5,10.2,"0.849",5411247,585,21932,10.8108168043336
"610","Slovenia",1995,7.2,13.4,"0.782",1884000,564,11291,29.9363057324841
"611","Slovenia",1996,6.9,12,"0.788",1893100,607,11346,32.0638106808938
"612","Slovenia",1997,6.6,11.2,"0.796",1883900,593,11014,31.4772546313499
"613","Slovenia",1998,7.4,8.3,"0.805",1880300,612,11767,32.5479976599479
"614","Slovenia",1999,7.3,10.6,"0.819",1884400,590,12041,31.3097007004882
"615","Slovenia",2000,6.9,11.2,"0.824",1886483,588,10783,31.1691120460667
"616","Slovenia",2001,5.7,13,"0.835",1901330,581,10979,30.5575570784661
"617","Slovenia",2002,5.9,11.6,"0.843",1906124,540,12362,28.3297414019235
"618","Slovenia",2003,6.5,11.2,"0.85",1907589,562,15568,29.4612728423156
"619","Slovenia",2004,6,13.5,"0.857",1907862,512,18067,26.8363225432447
"620","Slovenia",2005,6.5,10.3,"0.861",1911817,503,19012,26.3100495497215
"621","Slovenia",2006,6,12.2,"0.868",1918570,529,20634,27.5726191903345
"622","Slovenia",2007,4.8,11,"0.873",1927332,434,24964,22.5181753844174
"623","Slovenia",2008,4.4,11,"0.878",1943758,408,28599,20.9902673069384
"624","Slovenia",2009,5.9,10.5,"0.877",1942037,447,25872,23.0170691907518
"625","Slovenia",2010,7.2,10.3,"0.881",1944774,414,24689,21.2878205899503
"626","Slovenia",2011,8.2,10.6,"0.883",1944561,435,26377,22.3700876444606
"627","Slovenia",2012,8.8,11,"0.876",1945988,440,23820,22.6106224704366
"628","Slovenia",2013,10.1,9.5,"0.884",1948276,446,24697,22.8920337775551
"629","Slovenia",2014,9.7,10.9,"0.886",1951786,388,25569,19.8792285629675
"630","Slovenia",2015,9,11.5,"0.886",1954632,422,22036,21.5897417007396
"631","Spain",1995,22.7,11,"0.8",37275300,3157,16444,8.46941540376603
"632","Spain",1996,22.1,10.8,"0.806",37341200,3320,17166,8.89098368558054
"633","Spain",1997,20.7,11.6,"0.81",37405000,3373,15738,9.01751102793744
"634","Spain",1998,18.7,11.5,"0.814",37458900,3261,16473,8.70554127323547
"635","Spain",1999,15.5,11.3,"0.819",37789271,3220,16756,8.52093706703154
"636","Spain",2000,13.8,11.8,"0.825",38319996,3394,15538,8.8569946614817
"637","Spain",2001,10.3,12.4,"0.828",38713504,3189,16169,8.23743570202273
"638","Spain",2002,11.1,10.7,"0.83",39340611,3372,17924,8.57129544835997
"639","Spain",2003,11.3,11.4,"0.833",39947556,3478,22701,8.70641498068117
"640","Spain",2004,11.1,11.7,"0.837",40555823,3508,26372,8.64980597237541
"641","Spain",2005,9.1,11.9,"0.844",41195479,3399,28092,8.250905396682
"642","Spain",2006,8.5,11.9,"0.848",41808848,3247,30246,7.76629865525116
"643","Spain",2007,8.2,11.1,"0.853",42547327,3264,34769,7.67145724571605
"644","Spain",2008,11.3,10.2,"0.856",43199484,3457,37848,8.00241039916125
"645","Spain",2009,17.9,10,"0.858",43490086,3429,34470,7.884555574344
"646","Spain",2010,19.9,9.8,"0.865",43595356,3158,32839,7.24389084011609
"647","Spain",2011,21.4,9.6,"0.87",43642571,3180,34097,7.28646348538907
"648","Spain",2012,24.8,9.4,"0.873",44318859,3539,30146,7.98531388183978
"649","Spain",2013,26.1,9.2,"0.875",44227625,3873,30792,8.75697033245624
"650","Spain",2014,24.4,9.5,"0.88",44172771,3911,31171,8.85387063446846
"651","Spain",2015,22.1,10.4,"0.885",44186528,3604,27108,8.15633217436772
"652","Sweden",1995,8.9,6.2,"0.857",8233000,1348,32072,16.3731325154865
"653","Sweden",1996,9.5,6,"0.864",8274300,1253,34819,15.1432749598153
"654","Sweden",1997,10.4,5.9,"0.874",8311300,1201,31821,14.4502063455777
"655","Sweden",1998,8.9,5.8,"0.888",8346300,1231,31966,14.7490504774571
"656","Sweden",1999,7.6,6.1,"0.893",8378013,1220,32328,14.5619253634483
"657","Sweden",2000,5.5,6.2,"0.897",8409008,1131,30896,13.4498623381022
"658","Sweden",2001,4.7,6.5,"0.9",8439317,1197,28429,14.1836122520341
"659","Sweden",2002,5,6.9,"0.903",8465828,1180,31175,13.9383885427391
"660","Sweden",2003,5.6,6.9,"0.908",8490539,1112,38997,13.0969305953368
"661","Sweden",2004,6.7,6.5,"0.896",8514314,1155,44831,13.5653911753783
"662","Sweden",2005,7.5,6.5,"0.899",8538624,1219,45563,14.2763049409366
"663","Sweden",2006,7.1,6.8,"0.902",8576044,1197,48977,13.9574843599217
"664","Sweden",2007,6.2,7,"0.905",8629159,1126,56531,13.0487803040829
"665","Sweden",2008,6.2,7,"0.901",8688504,1170,59155,13.4660696478934
"666","Sweden",2009,8.4,7.3,"0.899",8755922,1242,49070,14.1846855191264
"667","Sweden",2010,8.6,7.4,"0.906",8823125,1141,55352,12.9319260466105
"668","Sweden",2011,7.8,7.3,"0.906",8884644,1112,63380,12.5159770048187
"669","Sweden",2012,8,7.2,"0.908",8948909,1154,60776,12.8954266939132
"670","Sweden",2013,8.1,7.3,"0.927",9024081,1230,64133,13.6301968034197
"671","Sweden",2014,8,7.2,"0.929",9114524,1148,62956,12.5952819916871
"672","Sweden",2015,7.4,7.1,"0.932",9114524,1182,54629,12.9683129914409
"673","Switzerland",1995,3.3,11.4,"0.848",6617500,1419,51774,21.4431431809596
"674","Switzerland",1996,3.7,11.3,"0.854",6652200,1432,49621,21.5267129671387
"675","Switzerland",1997,4.2,11.2,"0.864",6675200,1341,42923,20.0892857142857
"676","Switzerland",1998,3.6,11.1,"0.874",6725167,1371,43872,20.3861108579162
"677","Switzerland",1999,3.1,11.1,"0.881",6764328,1296,42859,19.1593311264622
"678","Switzerland",2000,2.7,11.2,"0.889",6809589,1380,39952,20.2655402550727
"679","Switzerland",2001,2.5,11.1,"0.891",6865842,1338,40582,19.4877773184993
"680","Switzerland",2002,2.9,10.8,"0.891",6942010,1446,43419,20.8297020603543
"681","Switzerland",2003,4.1,10.8,"0.896",6969293,1269,50639,18.2084466817509
"682","Switzerland",2004,4.3,10.7,"0.901",7023166,1284,56123,18.2823530014811
"683","Switzerland",2005,4.4,10.1,"0.906",7071991,1299,57790,18.3682360455493
"684","Switzerland",2006,4,10.2,"0.912",7118477,1309,60536,18.3887649001324
"685","Switzerland",2007,3.7,10.4,"0.915",7183595,1360,66807,18.9320249819206
"686","Switzerland",2008,3.3,10.2,"0.917",7274875,1314,76202,18.0621660165982
"687","Switzerland",2009,4.1,10.1,"0.927",7364558,1105,73529,15.0042948945476
"688","Switzerland",2010,4.8,10,"0.932",7439147,1006,78474,13.5230558019622
"689","Switzerland",2011,4.4,10,"0.932",7518040,1034,93053,13.7535847109087
"690","Switzerland",2012,4.5,9.9,"0.935",7595591,1038,87951,13.6658227121497
"691","Switzerland",2013,4.7,9.8,"0.938",7681318,1071,89634,13.9429196916467
"692","Switzerland",2014,4.8,9.5,"0.939",7809621,1032,90809,13.2144696906546
"693","Switzerland",2015,4.8,9.5,"0.943",7892502,1073,86068,13.5951818574135
"694","United Kingdom",1995,8.7,9.3,"0.839",54746964,4315,24389,7.8817155961379
"695","United Kingdom",1996,8.2,9.8,"0.844",55012207,4165,25609,7.57104691327872
"696","United Kingdom",1997,7.1,10,"0.849",55266635,4143,28091,7.49638547742232
"697","United Kingdom",1998,6.2,9.8,"0.855",55527379,4389,29508,7.90420884083147
"698","United Kingdom",1999,6,10.3,"0.861",55833339,4448,29832,7.96656635563207
"699","United Kingdom",2000,5.6,10.4,"0.867",56133909,4290,29358,7.6424394388782
"700","United Kingdom",2001,4.7,10.8,"0.871",55571993,4128,29179,7.4282021881058
"701","United Kingdom",2002,5,11.1,"0.874",55908944,4117,31630,7.36375918672333
"702","United Kingdom",2003,4.8,11.3,"0.878",56171771,3979,36289,7.08362924857755
"703","United Kingdom",2004,4.6,11.6,"0.886",56455011,4183,42486,7.40943970412122
"704","United Kingdom",2005,4.8,11.4,"0.89",56809024,4047,44372,7.12386820798048
"705","United Kingdom",2006,5.3,11,"0.889",57091129,4122,47163,7.22003588333312
"706","United Kingdom",2007,5.3,11.1,"0.892",57382757,3897,53576,6.79123869910956
"707","United Kingdom",2008,5.6,10.8,"0.896",57683372,4259,50111,7.38341024862416
"708","United Kingdom",2009,7.5,10.1,"0.899",58013559,4246,41074,7.31897865462796
"709","United Kingdom",2010,7.8,10.1,"0.905",58403529,4188,41798,7.17079955904719
"710","United Kingdom",2011,8,9.9,"0.899",58881852,4393,44491,7.46070283251281
"711","United Kingdom",2012,7.9,9.6,"0.897",59708630,4444,44585,7.44281019343435
"712","United Kingdom",2013,7.5,9.4,"0.914",60091793,4824,45594,8.02771852722051
"713","United Kingdom",2014,6.1,9.4,"0.918",60570482,4788,49906,7.90484051290858
"714","United Kingdom",2015,5.3,9.5,"0.916",61082942,4910,47240,8.03825067888839
"715","United States",1995,5.7,8.1,"0.878",243164200,31272,31518,12.8604457399568
"716","United States",1996,5.5,8.2,"0.879",245997800,30879,32928,12.552551282979
"717","United States",1997,5,8.1,"0.879",248486400,30517,34644,12.2811550249833
"718","United States",1998,4.5,8.1,"0.884",251332500,30558,36164,12.158395750649
"719","United States",1999,4.2,8.2,"0.885",253748671,29183,38072,11.5007498896418
"720","United States",2000,4,8.3,"0.881",262246108,29343,39218,11.1891079047015
"721","United States",2001,4.7,8.3,"0.884",265427546,30607,40018,11.5312070888076
"722","United States",2002,5.8,8.3,"0.886",268759559,31645,40845,11.7744649223807
"723","United States",2003,6,8.4,"0.889",271041510,31477,42468,11.613350294573
"724","United States",2004,5.5,8.5,"0.892",273584136,32428,44867,11.8530264488728
"725","United States",2005,5.1,8.5,"0.896",276106680,32629,47423,11.8175337155914
"726","United States",2006,4.6,8.6,"0.899",278980848,33292,49666,11.9334356600708
"727","United States",2007,4.6,8.7,"0.902",280658606,34596,51585,12.326719815604
"728","United States",2008,5.8,8.7,"0.907",282355565,36030,52128,12.7605064203357
"729","United States",2009,9.3,8.7,"0.908",285162662,36900,50563,12.9399830052084
"730","United States",2010,9.6,8.6,"0.911",287839149,38362,51989,13.3275824825344
"731","United States",2011,8.9,8.7,"0.914",290313825,39508,53452,13.6087215274712
"732","United States",2012,8.1,8.9,"0.916",292827128,40596,55170,13.8634696441103
"733","United States",2013,7.4,8.8,"0.914",295322862,41143,56520,13.9315323308766
"734","United States",2014,6.2,8.8,"0.915",297749735,42769,58531,14.3640765960715
"735","United States",2015,5.3,8.8,"0.917",300078511,44189,60387,14.7258128723519
